,realtime_start,date,value
0,1998-07-31,1952-11-01,86.2
1,2003-12-23,1952-11-01,
2,2018-07-27,1952-11-01,86.2
3,2018-07-27,1952-12-01,
4,2018-07-27,1953-01-01,
5,1998-07-31,1953-02-01,90.7
6,2003-12-23,1953-02-01,
7,2018-07-27,1953-02-01,90.7
8,2018-07-27,1953-03-01,
9,2018-07-27,1953-04-01,
10,2018-07-27,1953-05-01,
11,2018-07-27,1953-06-01,
12,2018-07-27,1953-07-01,
13,1998-07-31,1953-08-01,80.8
14,2003-12-23,1953-08-01,
15,2018-07-27,1953-08-01,80.8
16,2018-07-27,1953-09-01,
17,2018-07-27,1953-10-01,
18,1998-07-31,1953-11-01,80.7
19,2003-12-23,1953-11-01,
20,2018-07-27,1953-11-01,80.7
21,2018-07-27,1953-12-01,
22,2018-07-27,1954-01-01,
23,1998-07-31,1954-02-01,82.0
24,2003-12-23,1954-02-01,
25,2018-07-27,1954-02-01,82.0
26,2018-07-27,1954-03-01,
27,2018-07-27,1954-04-01,
28,1998-07-31,1954-05-01,82.9
29,2003-12-23,1954-05-01,
30,2018-07-27,1954-05-01,82.9
31,2018-07-27,1954-06-01,
32,2018-07-27,1954-07-01,
33,2018-07-27,1954-08-01,
34,2018-07-27,1954-09-01,
35,2018-07-27,1954-10-01,
36,1998-07-31,1954-11-01,87.0
37,2003-12-23,1954-11-01,
38,2018-07-27,1954-11-01,87.0
39,2018-07-27,1954-12-01,
40,2018-07-27,1955-01-01,
41,1998-07-31,1955-02-01,95.9
42,2003-12-23,1955-02-01,
43,2018-07-27,1955-02-01,95.9
44,2018-07-27,1955-03-01,
45,2018-07-27,1955-04-01,
46,1998-07-31,1955-05-01,99.1
47,2003-12-23,1955-05-01,
48,2018-07-27,1955-05-01,99.1
49,2018-07-27,1955-06-01,
50,2018-07-27,1955-07-01,
51,2018-07-27,1955-08-01,
52,2018-07-27,1955-09-01,
53,2018-07-27,1955-10-01,
54,1998-07-31,1955-11-01,99.7
55,2003-12-23,1955-11-01,
56,2018-07-27,1955-11-01,99.7
57,2018-07-27,1955-12-01,
58,2018-07-27,1956-01-01,
59,2018-07-27,1956-02-01,
60,2018-07-27,1956-03-01,
61,2018-07-27,1956-04-01,
62,1998-07-31,1956-05-01,98.2
63,2003-12-23,1956-05-01,
64,2018-07-27,1956-05-01,98.2
65,2018-07-27,1956-06-01,
66,2018-07-27,1956-07-01,
67,1998-07-31,1956-08-01,99.9
68,2003-12-23,1956-08-01,
69,2018-07-27,1956-08-01,99.9
70,2018-07-27,1956-09-01,
71,2018-07-27,1956-10-01,
72,1998-07-31,1956-11-01,100.2
73,2003-12-23,1956-11-01,
74,2018-07-27,1956-11-01,100.2
75,2018-07-27,1956-12-01,
76,2018-07-27,1957-01-01,
77,2018-07-27,1957-02-01,
78,2018-07-27,1957-03-01,
79,2018-07-27,1957-04-01,
80,1998-07-31,1957-05-01,92.9
81,2003-12-23,1957-05-01,
82,2018-07-27,1957-05-01,92.9
83,2018-07-27,1957-06-01,
84,2018-07-27,1957-07-01,
85,2018-07-27,1957-08-01,
86,2018-07-27,1957-09-01,
87,2018-07-27,1957-10-01,
88,1998-07-31,1957-11-01,83.7
89,2003-12-23,1957-11-01,
90,2018-07-27,1957-11-01,83.7
91,2018-07-27,1957-12-01,
92,2018-07-27,1958-01-01,
93,1998-07-31,1958-02-01,78.5
94,2003-12-23,1958-02-01,
95,2018-07-27,1958-02-01,78.5
96,2018-07-27,1958-03-01,
97,2018-07-27,1958-04-01,
98,1998-07-31,1958-05-01,80.9
99,2003-12-23,1958-05-01,
100,2018-07-27,1958-05-01,80.9
101,2018-07-27,1958-06-01,
102,2018-07-27,1958-07-01,
103,2018-07-27,1958-08-01,
104,2018-07-27,1958-09-01,
105,2018-07-27,1958-10-01,
106,1998-07-31,1958-11-01,90.8
107,2003-12-23,1958-11-01,
108,2018-07-27,1958-11-01,90.8
109,2018-07-27,1958-12-01,
110,2018-07-27,1959-01-01,
111,2018-07-27,1959-02-01,
112,2018-07-27,1959-03-01,
113,2018-07-27,1959-04-01,
114,1998-07-31,1959-05-01,95.3
115,2003-12-23,1959-05-01,
116,2018-07-27,1959-05-01,95.3
117,2018-07-27,1959-06-01,
118,2018-07-27,1959-07-01,
119,2018-07-27,1959-08-01,
120,2018-07-27,1959-09-01,
121,2018-07-27,1959-10-01,
122,1998-07-31,1959-11-01,93.8
123,2003-12-23,1959-11-01,
124,2018-07-27,1959-11-01,93.8
125,2018-07-27,1959-12-01,
126,2018-07-27,1960-01-01,
127,1998-07-31,1960-02-01,100.0
128,2003-12-23,1960-02-01,
129,2018-07-27,1960-02-01,100.0
130,2018-07-27,1960-03-01,
131,2018-07-27,1960-04-01,
132,1998-07-31,1960-05-01,93.3
133,2003-12-23,1960-05-01,
134,2018-07-27,1960-05-01,93.3
135,2018-07-27,1960-06-01,
136,2018-07-27,1960-07-01,
137,1998-07-31,1960-08-01,97.2
138,2003-12-23,1960-08-01,
139,2018-07-27,1960-08-01,97.2
140,2018-07-27,1960-09-01,
141,2018-07-27,1960-10-01,
142,1998-07-31,1960-11-01,90.1
143,2003-12-23,1960-11-01,
144,2018-07-27,1960-11-01,90.1
145,2018-07-27,1960-12-01,
146,2018-07-27,1961-01-01,
147,1998-07-31,1961-02-01,91.6
148,2003-12-23,1961-02-01,
149,2018-07-27,1961-02-01,91.6
150,2018-07-27,1961-03-01,
151,2018-07-27,1961-04-01,
152,1998-07-31,1961-05-01,92.5
153,2003-12-23,1961-05-01,
154,2018-07-27,1961-05-01,92.5
155,2018-07-27,1961-06-01,
156,2018-07-27,1961-07-01,
157,1998-07-31,1961-08-01,99.2
158,2003-12-23,1961-08-01,
159,2018-07-27,1961-08-01,99.2
160,2018-07-27,1961-09-01,
161,2018-07-27,1961-10-01,
162,1998-07-31,1961-11-01,93.0
163,2003-12-23,1961-11-01,
164,2018-07-27,1961-11-01,93.0
165,2018-07-27,1961-12-01,
166,2018-07-27,1962-01-01,
167,1998-07-31,1962-02-01,99.9
168,2003-12-23,1962-02-01,
169,2018-07-27,1962-02-01,99.9
170,2018-07-27,1962-03-01,
171,2018-07-27,1962-04-01,
172,1998-07-31,1962-05-01,95.4
173,2003-12-23,1962-05-01,
174,2018-07-27,1962-05-01,95.4
175,2018-07-27,1962-06-01,
176,2018-07-27,1962-07-01,
177,1998-07-31,1962-08-01,91.6
178,2003-12-23,1962-08-01,
179,2018-07-27,1962-08-01,91.6
180,2018-07-27,1962-09-01,
181,2018-07-27,1962-10-01,
182,1998-07-31,1962-11-01,95.0
183,2003-12-23,1962-11-01,
184,2018-07-27,1962-11-01,95.0
185,2018-07-27,1962-12-01,
186,2018-07-27,1963-01-01,
187,1998-07-31,1963-02-01,98.4
188,2003-12-23,1963-02-01,
189,2018-07-27,1963-02-01,98.4
190,2018-07-27,1963-03-01,
191,2018-07-27,1963-04-01,
192,1998-07-31,1963-05-01,91.7
193,2003-12-23,1963-05-01,
194,2018-07-27,1963-05-01,91.7
195,2018-07-27,1963-06-01,
196,2018-07-27,1963-07-01,
197,1998-07-31,1963-08-01,96.4
198,2003-12-23,1963-08-01,
199,2018-07-27,1963-08-01,96.4
200,2018-07-27,1963-09-01,
201,2018-07-27,1963-10-01,
202,1998-07-31,1963-11-01,94.4
203,2003-12-23,1963-11-01,
204,2018-07-27,1963-11-01,94.4
205,2018-07-27,1963-12-01,
206,2018-07-27,1964-01-01,
207,1998-07-31,1964-02-01,99.5
208,2003-12-23,1964-02-01,
209,2018-07-27,1964-02-01,99.5
210,2018-07-27,1964-03-01,
211,2018-07-27,1964-04-01,
212,1998-07-31,1964-05-01,98.5
213,2003-12-23,1964-05-01,
214,2018-07-27,1964-05-01,98.5
215,2018-07-27,1964-06-01,
216,2018-07-27,1964-07-01,
217,1998-07-31,1964-08-01,100.6
218,2003-12-23,1964-08-01,
219,2018-07-27,1964-08-01,100.6
220,2018-07-27,1964-09-01,
221,2018-07-27,1964-10-01,
222,1998-07-31,1964-11-01,99.9
223,2003-12-23,1964-11-01,
224,2018-07-27,1964-11-01,99.9
225,2018-07-27,1964-12-01,
226,2018-07-27,1965-01-01,
227,1998-07-31,1965-02-01,102.0
228,2003-12-23,1965-02-01,
229,2018-07-27,1965-02-01,102.0
230,2018-07-27,1965-03-01,
231,2018-07-27,1965-04-01,
232,1998-07-31,1965-05-01,105.4
233,2003-12-23,1965-05-01,
234,2018-07-27,1965-05-01,105.4
235,2018-07-27,1965-06-01,
236,2018-07-27,1965-07-01,
237,1998-07-31,1965-08-01,103.4
238,2003-12-23,1965-08-01,
239,2018-07-27,1965-08-01,103.4
240,2018-07-27,1965-09-01,
241,2018-07-27,1965-10-01,
242,1998-07-31,1965-11-01,102.9
243,2003-12-23,1965-11-01,
244,2018-07-27,1965-11-01,102.9
245,2018-07-27,1965-12-01,
246,2018-07-27,1966-01-01,
247,1998-07-31,1966-02-01,100.0
248,2003-12-23,1966-02-01,
249,2018-07-27,1966-02-01,100.0
250,2018-07-27,1966-03-01,
251,2018-07-27,1966-04-01,
252,1998-07-31,1966-05-01,95.7
253,2003-12-23,1966-05-01,
254,2018-07-27,1966-05-01,95.7
255,2018-07-27,1966-06-01,
256,2018-07-27,1966-07-01,
257,1998-07-31,1966-08-01,91.2
258,2003-12-23,1966-08-01,
259,2018-07-27,1966-08-01,91.2
260,2018-07-27,1966-09-01,
261,2018-07-27,1966-10-01,
262,1998-07-31,1966-11-01,88.3
263,2003-12-23,1966-11-01,
264,2018-07-27,1966-11-01,88.3
265,2018-07-27,1966-12-01,
266,2018-07-27,1967-01-01,
267,1998-07-31,1967-02-01,94.1
268,2003-12-23,1967-02-01,
269,2018-07-27,1967-02-01,94.1
270,2018-07-27,1967-03-01,
271,2018-07-27,1967-04-01,
272,1998-07-31,1967-05-01,95.9
273,2003-12-23,1967-05-01,
274,2018-07-27,1967-05-01,95.9
275,2018-07-27,1967-06-01,
276,2018-07-27,1967-07-01,
277,1998-07-31,1967-08-01,97.0
278,2003-12-23,1967-08-01,
279,2018-07-27,1967-08-01,97.0
280,2018-07-27,1967-09-01,
281,2018-07-27,1967-10-01,
282,1998-07-31,1967-11-01,92.9
283,2003-12-23,1967-11-01,
284,2018-07-27,1967-11-01,92.9
285,2018-07-27,1967-12-01,
286,2018-07-27,1968-01-01,
287,1998-07-31,1968-02-01,97.2
288,2003-12-23,1968-02-01,
289,2018-07-27,1968-02-01,97.2
290,2018-07-27,1968-03-01,
291,2018-07-27,1968-04-01,
292,1998-07-31,1968-05-01,92.4
293,2003-12-23,1968-05-01,
294,2018-07-27,1968-05-01,92.4
295,2018-07-27,1968-06-01,
296,2018-07-27,1968-07-01,
297,1998-07-31,1968-08-01,92.4
298,2003-12-23,1968-08-01,
299,2018-07-27,1968-08-01,92.4
300,2018-07-27,1968-09-01,
301,2018-07-27,1968-10-01,
302,1998-07-31,1968-11-01,91.7
303,2003-12-23,1968-11-01,
304,2018-07-27,1968-11-01,91.7
305,2018-07-27,1968-12-01,
306,2018-07-27,1969-01-01,
307,1998-07-31,1969-02-01,98.2
308,2003-12-23,1969-02-01,
309,2018-07-27,1969-02-01,98.2
310,2018-07-27,1969-03-01,
311,2018-07-27,1969-04-01,
312,1998-07-31,1969-05-01,91.5
313,2003-12-23,1969-05-01,
314,2018-07-27,1969-05-01,91.5
315,2018-07-27,1969-06-01,
316,2018-07-27,1969-07-01,
317,1998-07-31,1969-08-01,86.4
318,2003-12-23,1969-08-01,
319,2018-07-27,1969-08-01,86.4
320,2018-07-27,1969-09-01,
321,2018-07-27,1969-10-01,
322,1998-07-31,1969-11-01,79.7
323,2003-12-23,1969-11-01,
324,2018-07-27,1969-11-01,79.7
325,2018-07-27,1969-12-01,
326,2018-07-27,1970-01-01,
327,1998-07-31,1970-02-01,78.1
328,2003-12-23,1970-02-01,
329,2018-07-27,1970-02-01,78.1
330,2018-07-27,1970-03-01,
331,2018-07-27,1970-04-01,
332,1998-07-31,1970-05-01,75.4
333,2003-12-23,1970-05-01,
334,2018-07-27,1970-05-01,75.4
335,2018-07-27,1970-06-01,
336,2018-07-27,1970-07-01,
337,1998-07-31,1970-08-01,77.6
338,2003-12-23,1970-08-01,
339,2018-07-27,1970-08-01,77.6
340,2018-07-27,1970-09-01,
341,2018-07-27,1970-10-01,
342,1998-07-31,1970-11-01,72.4
343,2003-12-23,1970-11-01,
344,2018-07-27,1970-11-01,72.4
345,2018-07-27,1970-12-01,
346,2018-07-27,1971-01-01,
347,1998-07-31,1971-02-01,78.1
348,2003-12-23,1971-02-01,
349,2018-07-27,1971-02-01,78.1
350,2018-07-27,1971-03-01,
351,2018-07-27,1971-04-01,
352,1998-07-31,1971-05-01,80.2
353,2003-12-23,1971-05-01,
354,2018-07-27,1971-05-01,80.2
355,2018-07-27,1971-06-01,
356,2018-07-27,1971-07-01,
357,1998-07-31,1971-08-01,82.1
358,2003-12-23,1971-08-01,
359,2018-07-27,1971-08-01,82.1
360,2018-07-27,1971-09-01,
361,2018-07-27,1971-10-01,
362,1998-07-31,1971-11-01,82.0
363,2003-12-23,1971-11-01,
364,2018-07-27,1971-11-01,82.0
365,2018-07-27,1971-12-01,
366,2018-07-27,1972-01-01,
367,1998-07-31,1972-02-01,92.8
368,2003-12-23,1972-02-01,
369,2018-07-27,1972-02-01,92.8
370,2018-07-27,1972-03-01,
371,2018-07-27,1972-04-01,
372,1998-07-31,1972-05-01,88.6
373,2003-12-23,1972-05-01,
374,2018-07-27,1972-05-01,88.6
375,2018-07-27,1972-06-01,
376,2018-07-27,1972-07-01,
377,1998-07-31,1972-08-01,95.2
378,2003-12-23,1972-08-01,
379,2018-07-27,1972-08-01,95.2
380,2018-07-27,1972-09-01,
381,2018-07-27,1972-10-01,
382,1998-07-31,1972-11-01,90.7
383,2003-12-23,1972-11-01,
384,2018-07-27,1972-11-01,90.7
385,2018-07-27,1972-12-01,
386,2018-07-27,1973-01-01,
387,1998-07-31,1973-02-01,81.9
388,2003-12-23,1973-02-01,
389,2018-07-27,1973-02-01,81.9
390,2018-07-27,1973-03-01,
391,2018-07-27,1973-04-01,
392,1998-07-31,1973-05-01,77.0
393,2003-12-23,1973-05-01,
394,2018-07-27,1973-05-01,77.0
395,2018-07-27,1973-06-01,
396,2018-07-27,1973-07-01,
397,1998-07-31,1973-08-01,72.0
398,2003-12-23,1973-08-01,
399,2018-07-27,1973-08-01,72.0
400,2018-07-27,1973-09-01,
401,2018-07-27,1973-10-01,
402,1998-07-31,1973-11-01,76.5
403,2003-12-23,1973-11-01,
404,2018-07-27,1973-11-01,76.5
405,2018-07-27,1973-12-01,
406,2018-07-27,1974-01-01,
407,1998-07-31,1974-02-01,61.8
408,2003-12-23,1974-02-01,
409,2018-07-27,1974-02-01,61.8
410,2018-07-27,1974-03-01,
411,2018-07-27,1974-04-01,
412,1998-07-31,1974-05-01,72.1
413,2003-12-23,1974-05-01,
414,2018-07-27,1974-05-01,72.1
415,2018-07-27,1974-06-01,
416,2018-07-27,1974-07-01,
417,1998-07-31,1974-08-01,64.4
418,2003-12-23,1974-08-01,
419,2018-07-27,1974-08-01,64.4
420,2018-07-27,1974-09-01,
421,2018-07-27,1974-10-01,
422,1998-07-31,1974-11-01,59.5
423,2003-12-23,1974-11-01,
424,2018-07-27,1974-11-01,59.5
425,2018-07-27,1974-12-01,
426,2018-07-27,1975-01-01,
427,1998-07-31,1975-02-01,57.6
428,2003-12-23,1975-02-01,
429,2018-07-27,1975-02-01,57.6
430,2018-07-27,1975-03-01,
431,2018-07-27,1975-04-01,
432,1998-07-31,1975-05-01,72.8
433,2003-12-23,1975-05-01,
434,2018-07-27,1975-05-01,72.8
435,2018-07-27,1975-06-01,
436,2018-07-27,1975-07-01,
437,1998-07-31,1975-08-01,75.7
438,2003-12-23,1975-08-01,
439,2018-07-27,1975-08-01,75.7
440,2018-07-27,1975-09-01,
441,2018-07-27,1975-10-01,
442,1998-07-31,1975-11-01,75.6
443,2003-12-23,1975-11-01,
444,2018-07-27,1975-11-01,75.6
445,2018-07-27,1975-12-01,
446,2018-07-27,1976-01-01,
447,1998-07-31,1976-02-01,84.6
448,2003-12-23,1976-02-01,
449,2018-07-27,1976-02-01,84.6
450,2018-07-27,1976-03-01,
451,2018-07-27,1976-04-01,
452,1998-07-31,1976-05-01,83.3
453,2003-12-23,1976-05-01,
454,2018-07-27,1976-05-01,83.3
455,2018-07-27,1976-06-01,
456,2018-07-27,1976-07-01,
457,1998-07-31,1976-08-01,89.7
458,2003-12-23,1976-08-01,
459,2018-07-27,1976-08-01,89.7
460,2018-07-27,1976-09-01,
461,2018-07-27,1976-10-01,
462,1998-07-31,1976-11-01,87.0
463,2003-12-23,1976-11-01,
464,2018-07-27,1976-11-01,87.0
465,2018-07-27,1976-12-01,
466,2018-07-27,1977-01-01,
467,1998-07-31,1977-02-01,87.1
468,2003-12-23,1977-02-01,
469,2018-07-27,1977-02-01,87.1
470,2018-07-27,1977-03-01,
471,2018-07-27,1977-04-01,
472,1998-07-31,1977-05-01,90.2
473,2003-12-23,1977-05-01,
474,2018-07-27,1977-05-01,90.2
475,2018-07-27,1977-06-01,
476,2018-07-27,1977-07-01,
477,1998-07-31,1977-08-01,89.0
478,2003-12-23,1977-08-01,
479,2018-07-27,1977-08-01,89.0
480,2018-07-27,1977-09-01,
481,2018-07-27,1977-10-01,
482,1998-07-31,1977-11-01,84.4
483,2003-12-23,1977-11-01,
484,2018-07-27,1977-11-01,84.4
485,2018-07-27,1977-12-01,
486,1998-07-31,1978-01-01,83.7
487,1998-07-31,1978-02-01,84.3
488,1998-07-31,1978-03-01,78.8
489,1998-07-31,1978-04-01,81.6
490,1998-07-31,1978-05-01,82.9
491,1998-07-31,1978-06-01,80.0
492,1998-07-31,1978-07-01,82.4
493,1998-07-31,1978-08-01,78.4
494,1998-07-31,1978-09-01,80.4
495,1998-07-31,1978-10-01,79.3
496,1998-07-31,1978-11-01,75.0
497,1998-07-31,1978-12-01,66.1
498,1998-07-31,1979-01-01,72.1
499,1998-07-31,1979-02-01,73.9
500,1998-07-31,1979-03-01,68.4
501,1998-07-31,1979-04-01,66.0
502,1998-07-31,1979-05-01,68.1
503,1998-07-31,1979-06-01,65.8
504,1998-07-31,1979-07-01,60.4
505,1998-07-31,1979-08-01,64.5
506,1998-07-31,1979-09-01,66.7
507,1998-07-31,1979-10-01,62.1
508,1998-07-31,1979-11-01,63.3
509,1998-07-31,1979-12-01,61.0
510,1998-07-31,1980-01-01,67.0
511,1998-07-31,1980-02-01,66.9
512,1998-07-31,1980-03-01,56.5
513,1998-07-31,1980-04-01,52.7
514,1998-07-31,1980-05-01,51.7
515,1998-07-31,1980-06-01,58.7
516,1998-07-31,1980-07-01,62.3
517,1998-07-31,1980-08-01,67.3
518,1998-07-31,1980-09-01,73.7
519,1998-07-31,1980-10-01,75.0
520,1998-07-31,1980-11-01,76.7
521,1998-07-31,1980-12-01,64.5
522,1998-07-31,1981-01-01,71.4
523,1998-07-31,1981-02-01,66.9
524,1998-07-31,1981-03-01,66.5
525,1998-07-31,1981-04-01,72.4
526,1998-07-31,1981-05-01,76.3
527,1998-07-31,1981-06-01,73.1
528,1998-07-31,1981-07-01,74.1
529,1998-07-31,1981-08-01,77.2
530,1998-07-31,1981-09-01,73.1
531,1998-07-31,1981-10-01,70.3
532,1998-07-31,1981-11-01,62.5
533,1998-07-31,1981-12-01,64.3
534,1998-07-31,1982-01-01,71.0
535,1998-07-31,1982-02-01,66.5
536,1998-07-31,1982-03-01,62.0
537,1998-07-31,1982-04-01,65.5
538,1998-07-31,1982-05-01,67.5
539,1998-07-31,1982-06-01,65.7
540,1998-07-31,1982-07-01,65.4
541,1998-07-31,1982-08-01,65.4
542,1998-07-31,1982-09-01,69.3
543,1998-07-31,1982-10-01,73.4
544,1998-07-31,1982-11-01,72.1
545,1998-07-31,1982-12-01,71.9
546,1998-07-31,1983-01-01,70.4
547,1998-07-31,1983-02-01,74.6
548,1998-07-31,1983-03-01,80.8
549,1998-07-31,1983-04-01,89.1
550,1998-07-31,1983-05-01,93.3
551,1998-07-31,1983-06-01,92.2
552,1998-07-31,1983-07-01,93.9
553,2001-04-27,1983-07-01,92.8
554,1998-07-31,1983-08-01,90.9
555,1998-07-31,1983-09-01,89.9
556,1998-07-31,1983-10-01,89.3
557,1998-07-31,1983-11-01,91.1
558,1998-07-31,1983-12-01,94.2
559,1998-07-31,1984-01-01,100.1
560,1998-07-31,1984-02-01,97.4
561,1998-07-31,1984-03-01,101.0
562,1998-07-31,1984-04-01,96.1
563,1998-07-31,1984-05-01,98.1
564,1998-07-31,1984-06-01,95.5
565,1998-07-31,1984-07-01,96.6
566,1998-07-31,1984-08-01,99.1
567,1998-07-31,1984-09-01,100.9
568,1998-07-31,1984-10-01,96.3
569,1998-07-31,1984-11-01,95.7
570,1998-07-31,1984-12-01,92.9
571,1998-07-31,1985-01-01,96.0
572,1998-07-31,1985-02-01,93.7
573,1998-07-31,1985-03-01,93.7
574,1998-07-31,1985-04-01,94.6
575,1998-07-31,1985-05-01,91.8
576,1998-07-31,1985-06-01,96.5
577,1998-07-31,1985-07-01,94.0
578,1998-07-31,1985-08-01,92.4
579,1998-07-31,1985-09-01,92.1
580,1998-07-31,1985-10-01,88.4
581,1998-07-31,1985-11-01,90.9
582,1998-07-31,1985-12-01,93.9
583,1998-07-31,1986-01-01,95.6
584,1998-07-31,1986-02-01,95.9
585,1998-07-31,1986-03-01,95.1
586,1998-07-31,1986-04-01,96.2
587,1998-07-31,1986-05-01,94.8
588,1998-07-31,1986-06-01,99.3
589,1998-07-31,1986-07-01,97.7
590,1998-07-31,1986-08-01,94.9
591,1998-07-31,1986-09-01,91.9
592,1998-07-31,1986-10-01,95.6
593,1998-07-31,1986-11-01,91.4
594,1998-07-31,1986-12-01,89.1
595,1998-07-31,1987-01-01,90.4
596,1998-07-31,1987-02-01,90.2
597,1998-07-31,1987-03-01,90.8
598,1998-07-31,1987-04-01,92.8
599,1998-07-31,1987-05-01,91.1
600,1998-07-31,1987-06-01,91.5
601,1998-07-31,1987-07-01,93.7
602,1998-07-31,1987-08-01,94.4
603,1998-07-31,1987-09-01,93.6
604,1998-07-31,1987-10-01,89.3
605,1998-07-31,1987-11-01,83.1
606,1998-07-31,1987-12-01,86.8
607,1998-07-31,1988-01-01,90.8
608,1998-07-31,1988-02-01,91.6
609,1998-07-31,1988-03-01,94.6
610,1998-07-31,1988-04-01,91.2
611,1998-07-31,1988-05-01,94.8
612,1998-07-31,1988-06-01,94.7
613,1998-07-31,1988-07-01,93.4
614,1998-07-31,1988-08-01,97.4
615,1998-07-31,1988-09-01,97.3
616,1998-07-31,1988-10-01,94.1
617,1998-07-31,1988-11-01,93.0
618,1998-07-31,1988-12-01,91.9
619,1998-07-31,1989-01-01,97.9
620,1998-07-31,1989-02-01,95.4
621,1998-07-31,1989-03-01,94.3
622,1998-07-31,1989-04-01,91.5
623,1998-07-31,1989-05-01,90.7
624,1998-07-31,1989-06-01,90.6
625,1998-07-31,1989-07-01,92.0
626,1998-07-31,1989-08-01,89.6
627,1998-07-31,1989-09-01,95.8
628,1998-07-31,1989-10-01,93.9
629,1998-07-31,1989-11-01,90.9
630,1998-07-31,1989-12-01,90.5
631,1998-07-31,1990-01-01,93.0
632,1998-07-31,1990-02-01,89.5
633,1998-07-31,1990-03-01,91.3
634,1998-07-31,1990-04-01,93.9
635,1998-07-31,1990-05-01,90.6
636,1998-07-31,1990-06-01,88.3
637,1998-07-31,1990-07-01,88.2
638,1998-07-31,1990-08-01,76.4
639,1998-07-31,1990-09-01,72.8
640,1998-07-31,1990-10-01,63.9
641,1998-07-31,1990-11-01,66.0
642,1998-07-31,1990-12-01,65.5
643,1998-07-31,1991-01-01,66.8
644,1998-07-31,1991-02-01,70.4
645,1998-07-31,1991-03-01,87.7
646,1998-07-31,1991-04-01,81.8
647,1998-07-31,1991-05-01,78.3
648,1998-07-31,1991-06-01,82.1
649,1998-07-31,1991-07-01,82.9
650,1998-07-31,1991-08-01,82.0
651,1998-07-31,1991-09-01,83.0
652,1998-07-31,1991-10-01,78.3
653,1998-07-31,1991-11-01,69.1
654,1998-07-31,1991-12-01,68.2
655,1998-07-31,1992-01-01,67.5
656,1998-07-31,1992-02-01,68.8
657,1998-07-31,1992-03-01,76.0
658,1998-07-31,1992-04-01,77.2
659,1998-07-31,1992-05-01,79.2
660,1998-07-31,1992-06-01,80.4
661,1998-07-31,1992-07-01,76.6
662,1998-07-31,1992-08-01,76.1
663,1998-07-31,1992-09-01,75.6
664,1998-07-31,1992-10-01,73.3
665,1998-07-31,1992-11-01,85.3
666,1998-07-31,1992-12-01,91.0
667,1998-07-31,1993-01-01,89.3
668,1998-07-31,1993-02-01,86.6
669,1998-07-31,1993-03-01,85.9
670,1998-07-31,1993-04-01,85.6
671,1998-07-31,1993-05-01,80.3
672,1998-07-31,1993-06-01,81.5
673,1998-07-31,1993-07-01,77.0
674,1998-07-31,1993-08-01,77.3
675,1998-07-31,1993-09-01,77.9
676,1998-07-31,1993-10-01,82.7
677,1998-07-31,1993-11-01,81.2
678,1998-07-31,1993-12-01,88.2
679,1998-07-31,1994-01-01,94.3
680,1998-07-31,1994-02-01,93.2
681,1998-07-31,1994-03-01,91.5
682,1998-07-31,1994-04-01,92.6
683,1998-07-31,1994-05-01,92.8
684,1998-07-31,1994-06-01,91.2
685,1998-07-31,1994-07-01,89.0
686,1998-07-31,1994-08-01,91.7
687,1998-07-31,1994-09-01,91.5
688,1998-07-31,1994-10-01,92.7
689,1998-07-31,1994-11-01,91.6
690,1998-07-31,1994-12-01,95.1
691,1998-07-31,1995-01-01,97.6
692,1998-07-31,1995-02-01,95.1
693,1998-07-31,1995-03-01,90.3
694,1998-07-31,1995-04-01,92.5
695,1998-07-31,1995-05-01,89.8
696,1998-07-31,1995-06-01,92.7
697,1998-07-31,1995-07-01,94.4
698,1998-07-31,1995-08-01,96.2
699,1998-07-31,1995-09-01,88.9
700,1998-07-31,1995-10-01,90.2
701,1998-07-31,1995-11-01,88.2
702,1998-07-31,1995-12-01,91.0
703,1998-07-31,1996-01-01,89.3
704,1998-07-31,1996-02-01,88.5
705,1998-07-31,1996-03-01,93.7
706,1998-07-31,1996-04-01,92.7
707,1998-07-31,1996-05-01,89.4
708,1998-07-31,1996-06-01,92.4
709,1998-07-31,1996-07-01,94.7
710,1998-07-31,1996-08-01,95.3
711,1998-07-31,1996-09-01,94.7
712,1998-07-31,1996-10-01,96.5
713,1998-07-31,1996-11-01,99.2
714,1998-07-31,1996-12-01,96.9
715,1998-07-31,1997-01-01,97.4
716,1998-07-31,1997-02-01,99.7
717,1998-07-31,1997-03-01,100.0
718,1998-07-31,1997-04-01,101.4
719,1998-07-31,1997-05-01,103.2
720,1998-07-31,1997-06-01,104.5
721,1998-07-31,1997-07-01,107.1
722,1998-07-31,1997-08-01,104.4
723,1998-07-31,1997-09-01,106.0
724,1998-07-31,1997-10-01,105.6
725,1998-07-31,1997-11-01,107.2
726,1998-07-31,1997-12-01,102.1
727,1998-07-31,1998-01-01,106.6
728,1998-07-31,1998-02-01,110.4
729,1998-07-31,1998-03-01,106.5
730,1998-07-31,1998-04-01,108.7
731,1998-07-31,1998-05-01,106.5
732,1998-07-31,1998-06-01,105.6
733,1998-07-31,1998-07-01,105.2
734,1998-08-28,1998-08-01,104.4
735,1998-10-02,1998-09-01,100.9
736,1998-10-30,1998-10-01,97.4
737,1998-11-25,1998-11-01,102.7
738,1998-12-23,1998-12-01,100.5
739,1999-01-29,1999-01-01,103.9
740,1999-02-26,1999-02-01,108.1
741,1999-03-26,1999-03-01,105.7
742,1999-04-30,1999-04-01,104.6
743,1999-05-28,1999-05-01,106.8
744,1999-06-25,1999-06-01,107.3
745,1999-07-30,1999-07-01,106.0
746,1999-08-27,1999-08-01,104.5
747,1999-10-01,1999-09-01,107.2
748,1999-10-29,1999-10-01,103.2
749,1999-11-24,1999-11-01,107.2
750,1999-12-22,1999-12-01,105.4
751,2000-01-28,2000-01-01,112.0
752,2000-03-03,2000-02-01,111.3
753,2000-03-31,2000-03-01,107.1
754,2000-04-28,2000-04-01,109.2
755,2000-05-26,2000-05-01,110.7
756,2000-06-30,2000-06-01,106.4
757,2000-07-28,2000-07-01,108.3
758,2000-09-01,2000-08-01,107.3
759,2000-09-29,2000-09-01,106.8
760,2000-10-27,2000-10-01,105.8
761,2000-11-22,2000-11-01,107.6
762,2000-12-22,2000-12-01,98.4
763,2001-02-02,2001-01-01,94.7
764,2001-03-02,2001-02-01,90.6
765,2001-03-30,2001-03-01,91.5
766,2001-04-27,2001-04-01,88.4
767,2001-05-25,2001-05-01,92.0
768,2001-06-29,2001-06-01,92.6
769,2001-07-27,2001-07-01,92.4
770,2001-08-31,2001-08-01,91.5
771,2001-09-28,2001-09-01,81.8
772,2001-10-26,2001-10-01,82.7
773,2001-11-21,2001-11-01,83.9
774,2001-12-21,2001-12-01,88.8
775,2002-02-01,2002-01-01,93.0
776,2002-03-01,2002-02-01,90.7
777,2002-03-28,2002-03-01,95.7
778,2002-04-26,2002-04-01,93.0
779,2002-05-31,2002-05-01,96.9
780,2002-06-28,2002-06-01,92.4
781,2002-07-26,2002-07-01,88.1
782,2002-08-30,2002-08-01,87.6
783,2002-09-27,2002-09-01,86.1
784,2002-10-25,2002-10-01,80.6
785,2002-11-27,2002-11-01,84.2
786,2002-12-23,2002-12-01,86.7
787,2003-01-31,2003-01-01,82.4
788,2003-02-28,2003-02-01,79.9
789,2003-03-28,2003-03-01,77.6
790,2003-04-25,2003-04-01,86.0
791,2003-05-30,2003-05-01,92.1
792,2003-06-27,2003-06-01,89.7
793,2003-08-01,2003-07-01,90.9
794,2003-08-29,2003-08-01,89.3
795,2003-09-26,2003-09-01,87.7
796,2003-10-31,2003-10-01,89.6
797,2003-11-26,2003-11-01,93.7
798,2003-12-23,2003-12-01,92.6
799,2004-01-30,2004-01-01,103.8
800,2004-02-27,2004-02-01,94.4
801,2004-03-26,2004-03-01,95.8
802,2004-04-30,2004-04-01,94.2
803,2004-05-28,2004-05-01,90.2
804,2004-06-25,2004-06-01,95.6
805,2004-07-30,2004-07-01,96.7
806,2004-08-27,2004-08-01,95.9
807,2004-10-01,2004-09-01,94.2
808,2004-10-29,2004-10-01,91.7
809,2004-11-24,2004-11-01,92.8
810,2004-12-23,2004-12-01,97.1
811,2005-02-04,2005-01-01,95.5
812,2005-03-04,2005-02-01,94.1
813,2005-04-01,2005-03-01,92.6
814,2005-04-29,2005-04-01,87.7
815,2005-05-27,2005-05-01,86.9
816,2005-07-01,2005-06-01,96.0
817,2005-07-29,2005-07-01,96.5
818,2005-08-26,2005-08-01,89.1
819,2005-09-30,2005-09-01,76.9
820,2005-10-28,2005-10-01,74.2
821,2005-11-23,2005-11-01,81.6
822,2005-12-23,2005-12-01,91.5
823,2006-02-03,2006-01-01,91.2
824,2006-03-03,2006-02-01,86.7
825,2006-03-31,2006-03-01,88.9
826,2006-04-28,2006-04-01,87.4
827,2006-05-26,2006-05-01,79.1
828,2006-06-30,2006-06-01,84.9
829,2006-07-28,2006-07-01,84.7
830,2006-09-01,2006-08-01,82.0
831,2006-09-29,2006-09-01,85.4
832,2006-10-27,2006-10-01,93.6
833,2006-11-22,2006-11-01,92.1
834,2006-12-22,2006-12-01,91.7
835,2007-02-02,2007-01-01,96.9
836,2007-03-02,2007-02-01,91.3
837,2007-03-30,2007-03-01,88.4
838,2007-04-27,2007-04-01,87.1
839,2007-06-01,2007-05-01,88.3
840,2007-06-29,2007-06-01,85.3
841,2007-07-27,2007-07-01,90.4
842,2007-08-31,2007-08-01,83.4
843,2007-09-28,2007-09-01,83.4
844,2007-10-26,2007-10-01,80.9
845,2007-11-21,2007-11-01,76.1
846,2007-12-21,2007-12-01,75.5
847,2008-02-01,2008-01-01,78.4
848,2008-02-29,2008-02-01,70.8
849,2008-03-28,2008-03-01,69.5
850,2008-04-25,2008-04-01,62.6
851,2008-05-30,2008-05-01,59.8
852,2008-06-27,2008-06-01,56.4
853,2008-07-25,2008-07-01,61.2
854,2008-08-29,2008-08-01,63.0
855,2008-09-26,2008-09-01,70.3
856,2008-10-31,2008-10-01,57.6
857,2008-11-26,2008-11-01,55.3
858,2008-12-23,2008-12-01,60.1
859,2009-01-30,2009-01-01,61.2
860,2009-02-27,2009-02-01,56.3
861,2009-03-27,2009-03-01,57.3
862,2009-05-01,2009-04-01,65.1
863,2009-05-29,2009-05-01,68.7
864,2009-06-26,2009-06-01,70.8
865,2009-07-24,2009-07-01,66.0
866,2009-08-28,2009-08-01,65.7
867,2009-09-25,2009-09-01,73.5
868,2009-10-30,2009-10-01,70.6
869,2009-11-25,2009-11-01,67.4
870,2009-12-23,2009-12-01,72.5
871,2010-01-29,2010-01-01,74.4
872,2010-02-26,2010-02-01,73.6
873,2010-03-26,2010-03-01,73.6
874,2010-04-30,2010-04-01,72.2
875,2010-05-28,2010-05-01,73.6
876,2010-06-25,2010-06-01,76.0
877,2010-07-30,2010-07-01,67.8
878,2010-08-27,2010-08-01,68.9
879,2010-10-01,2010-09-01,68.2
880,2010-10-29,2010-10-01,67.7
881,2010-11-24,2010-11-01,71.6
882,2010-12-23,2010-12-01,74.5
883,2011-01-28,2011-01-01,74.2
884,2011-02-25,2011-02-01,77.5
885,2011-03-25,2011-03-01,67.5
886,2011-04-29,2011-04-01,69.8
887,2011-05-27,2011-05-01,74.3
888,2011-07-01,2011-06-01,71.5
889,2011-07-29,2011-07-01,63.7
890,2011-08-26,2011-08-01,55.8
891,2011-09-30,2011-09-01,59.5
892,2011-10-28,2011-10-01,60.8
893,2011-11-23,2011-11-01,63.7
894,2011-12-22,2011-12-01,69.9
895,2012-01-27,2012-01-01,75.0
896,2012-02-24,2012-02-01,75.3
897,2012-03-30,2012-03-01,76.2
898,2012-04-27,2012-04-01,76.4
899,2012-05-25,2012-05-01,79.3
900,2012-06-29,2012-06-01,73.2
901,2012-07-27,2012-07-01,72.3
902,2012-08-31,2012-08-01,74.3
903,2012-09-28,2012-09-01,78.3
904,2012-10-26,2012-10-01,82.6
905,2012-11-21,2012-11-01,82.7
906,2012-12-21,2012-12-01,72.9
907,2013-02-01,2013-01-01,73.8
908,2013-03-01,2013-02-01,77.6
909,2013-03-29,2013-03-01,78.6
910,2013-04-26,2013-04-01,76.4
911,2013-05-31,2013-05-01,84.5
912,2013-06-28,2013-06-01,84.1
913,2013-07-26,2013-07-01,85.1
914,2013-08-30,2013-08-01,82.1
915,2013-09-27,2013-09-01,77.5
916,2013-10-25,2013-10-01,73.2
917,2013-11-27,2013-11-01,75.1
918,2013-12-23,2013-12-01,82.5
919,2014-01-31,2014-01-01,81.2
920,2014-02-28,2014-02-01,81.6
921,2014-03-28,2014-03-01,80.0
922,2014-04-25,2014-04-01,84.1
923,2014-05-30,2014-05-01,81.9
924,2014-06-27,2014-06-01,82.5
925,2014-08-01,2014-07-01,81.8
926,2014-08-29,2014-08-01,82.5
927,2014-09-26,2014-09-01,84.6
928,2014-10-31,2014-10-01,86.9
929,2014-11-26,2014-11-01,88.8
930,2014-12-23,2014-12-01,93.6
931,2015-01-30,2015-01-01,98.1
932,2015-02-27,2015-02-01,95.4
933,2015-03-27,2015-03-01,93.0
934,2015-05-01,2015-04-01,95.9
935,2015-05-29,2015-05-01,90.7
936,2015-06-26,2015-06-01,96.1
937,2015-07-31,2015-07-01,93.1
938,2015-08-28,2015-08-01,91.9
939,2015-09-25,2015-09-01,87.2
940,2015-10-30,2015-10-01,90.0
941,2015-11-25,2015-11-01,91.3
942,2015-12-23,2015-12-01,92.6
943,2016-01-29,2016-01-01,92.0
944,2016-02-26,2016-02-01,91.7
945,2016-04-01,2016-03-01,91.0
946,2016-04-29,2016-04-01,89.0
947,2016-05-27,2016-05-01,94.7
948,2016-06-24,2016-06-01,93.5
949,2016-07-29,2016-07-01,90.0
950,2016-08-26,2016-08-01,89.8
951,2016-09-30,2016-09-01,91.2
952,2016-10-28,2016-10-01,87.2
953,2016-11-23,2016-11-01,93.8
954,2016-12-23,2016-12-01,98.2
955,2017-01-27,2017-01-01,98.5
956,2017-02-24,2017-02-01,96.3
957,2017-03-31,2017-03-01,96.9
958,2017-04-28,2017-04-01,97.0
959,2017-05-26,2017-05-01,97.1
960,2017-06-30,2017-06-01,95.1
961,2017-12-22,2017-06-01,95.0
962,2017-07-28,2017-07-01,93.4
963,2017-09-01,2017-08-01,96.8
964,2017-09-29,2017-09-01,95.1
965,2017-10-27,2017-10-01,100.7
966,2017-11-22,2017-11-01,98.5
967,2017-12-22,2017-12-01,95.9
968,2018-01-26,2018-01-01,95.7
969,2018-03-02,2018-02-01,99.7
970,2018-04-27,2018-03-01,101.4
971,2018-04-27,2018-04-01,98.8
972,2018-05-25,2018-05-01,98.0
973,2018-06-29,2018-06-01,98.2
974,2018-07-27,2018-07-01,97.9
975,2018-08-31,2018-08-01,96.2
976,2018-09-28,2018-09-01,100.1
977,2018-10-26,2018-10-01,98.6
978,2018-11-21,2018-11-01,97.5
979,2018-12-21,2018-12-01,98.3
980,2019-02-01,2019-01-01,91.2
981,2019-03-01,2019-02-01,93.8
982,2019-03-29,2019-03-01,98.4
983,2019-04-26,2019-04-01,97.2
984,2019-05-31,2019-05-01,100.0
985,2019-06-28,2019-06-01,98.2
986,2019-08-02,2019-07-01,98.4
987,2019-08-30,2019-08-01,89.8
988,2019-09-27,2019-09-01,93.2
989,2019-10-25,2019-10-01,95.5
990,2019-11-22,2019-11-01,96.8
991,2019-12-20,2019-12-01,99.3
992,2020-01-31,2020-01-01,99.8
993,2020-02-28,2020-02-01,101.0
994,2020-03-27,2020-03-01,89.1
995,2020-04-24,2020-04-01,71.8
996,2020-05-29,2020-05-01,72.3
997,2020-06-26,2020-06-01,78.1
998,2020-07-31,2020-07-01,72.5
999,2020-08-28,2020-08-01,74.1
1000,2020-10-02,2020-09-01,80.4
